,utt,intent,index
0,i need to get my paycheck direct deposited to my chase account,direct_deposit,0
1,please help me set up direct deposit,direct_deposit,0
2,make it so my paycheck goes directly into my savings account,direct_deposit,0
3,"if i would like to set up direct deposit, how do i do it",direct_deposit,0
4,i need to set up a direct deposit for my paycheck,direct_deposit,0
5,what's restricted in my carry-on with united,carry_on,1
6,"if i take a flight on pan am to denver, how many carry ons are included",carry_on,1
7,what are the carry on rules for united,carry_on,1
8,what can't i carry-on to delta,carry_on,1
9,what should i know about the carry on policy for american,carry_on,1
10,make sure to set yourself to whisper mode before i go to the movie,whisper_mode,2
11,let's start whispering,whisper_mode,2
12,go into whisper mode now please,whisper_mode,2
13,i want your setting adjusted to whisper voice now,whisper_mode,2
14,i want you to use whisper voice now,whisper_mode,2
15,send a text message,text,3
16,start a new text to maureen and tell her i go mom's christmas present,text,3
17,create a new text,text,3
18,please send a text,text,3
19,text bill and tell him i'll be 30 minutes late,text,3
20,what do i need to do to make blackberry pie,recipe,4
21,please show me a recipe for chili,recipe,4
22,i need the best recipe for mashed potatoes,recipe,4
23,what do you need to do to make sushi,recipe,4
24,how do i make pumpkin pie,recipe,4
25,activate my furnace please,smart_home,5
26,can you look who is at the door,smart_home,5
27,remember to lock the doors,smart_home,5
28,please set the temperature to 70,smart_home,5
29,can put fan on,smart_home,5
30,do you happen to be employed by me,who_do_you_work_for,6
31,what organization do you work for,who_do_you_work_for,6
32,do you work for me or is that wrong,who_do_you_work_for,6
33,who do you job for,who_do_you_work_for,6
34,who directs your labor,who_do_you_work_for,6
35,what is my citigroup card's rewards balance,rewards_balance,7
36,how many points did i get on my visa card,rewards_balance,7
37,what is my points total for my mastercard,rewards_balance,7
38,is there a better way to check my visa rewards card balance,rewards_balance,7
39,i need to find out the rewards points i have left on my american express card,rewards_balance,7
40,can you get me a table for 1 at the vega at 1pm,restaurant_reservation,8
41,make me a reservation for 5 at coral for 10 pm immediately,restaurant_reservation,8
42,is it possible to get a table for 4 at the village inn around 10am,restaurant_reservation,8
43,please book a reservation for 8 pm at red robin under the name kevin,restaurant_reservation,8
44,i need you to reserve a table for 6:00 pm for three at devon's seafood,restaurant_reservation,8
45,i'm traveling to denmark soon and want to inform my bank,travel_notification,9
46,how do i inform my bank i'm going to paris,travel_notification,9
47,"i'm going to paris soon and want to let my bank know, how do i do that",travel_notification,9
48,how can i let my bank know i'm going to denmark,travel_notification,9
49,i'm travelling to boston soon and want to inform my bank,travel_notification,9
50,will you add what i'm listening to to my road trip playlist,update_playlist,10
51,i would like to add you say by lauren daigle to my playlist,update_playlist,10
52,"make this song part of the ""kids"" playlist",update_playlist,10
53,this song should be add this on my rock playlist,update_playlist,10
54,add walk by pantera to my playlist,update_playlist,10
55,go ahead and your volume,change_volume,11
56,raise the volume to 4 please,change_volume,11
57,make the speakers louder,change_volume,11
58,can you turn this down,change_volume,11
59,turn your voice box down,change_volume,11
60,display the routing number for account huntington,routing,12
61,what is my routing number,routing,12
62,tell me my bank of america routing number,routing,12
63,i must learn my routing number,routing,12
64,"ai, what is the routing number for my citibank savings account",routing,12
65,what's the non-city mpg for this car,mpg,13
66,how much gas does this use in the city,mpg,13
67,how many miles per gallon do i get,mpg,13
68,retrieve my current mpg on my car,mpg,13
69,what's the fuel economy of my car,mpg,13
70,how much do i have to pay for my cable bill,bill_balance,14
71,what's the cost of my dte bill plus my electricity bill,bill_balance,14
72,what's my mortgage payment going to be this month,bill_balance,14
73,how much are utilities,bill_balance,14
74,how much is my cable bill for,bill_balance,14
75,"think about if you could only say one or the other, which animal do you see yourself choosing, cats or dogs",do_you_have_pets,15
76,i'd like to learn more about your pets,do_you_have_pets,15
77,"what sort of person are you, a cat or dog person",do_you_have_pets,15
78,i am curious about whether you have pets,do_you_have_pets,15
79,would you say that you are now a pet owner,do_you_have_pets,15
80,how long to i bake the brownies,cook_time,16
81,how long should i cook a steak for,cook_time,16
82,how long should i cook chicken thighs,cook_time,16
83,how long am i supposed to cook pork loin,cook_time,16
84,how long to cook a frozen pizza,cook_time,16
85,what is the current song,what_song,17
86,who sings this song,what_song,17
87,what band is this,what_song,17
88,who is this song that's on the stereo,what_song,17
89,can you tell me the mane of the song playing,what_song,17
90,can you help me get a new credit card,new_card,18
91,may i apply for a new credit card,new_card,18
92,how to apply for platinum card,new_card,18
93,i gotta apply for a new credit card,new_card,18
94,what if you need to obtain a new credit card,new_card,18
95,add mop bathroom to my to do list,todo_list_update,19
96,"erase get a haircut from my to do list, please",todo_list_update,19
97,"on my to do list, add exercising",todo_list_update,19
98,cross volunteering off my todo list,todo_list_update,19
99,add laundry to my list of shit to do,todo_list_update,19
100,is traffic bad on the parkway,traffic,20
101,are there alot of cars on the road before the stadium,traffic,20
102,what is the traffic like on the way to work,traffic,20
103,what is the traffic like on the way to town,traffic,20
104,how clogged are the streets before the stadium,traffic,20
105,please go to the song after this one,next_song,21
106,go to the next tune,next_song,21
107,skip and play next song,next_song,21
108,advance to the next song,next_song,21
109,skip this song and play the next one,next_song,21
110,could you tell me where did you originate,where_are_you_from,22
111,where do you hail from,where_are_you_from,22
112,"up until now, what place was your home base",where_are_you_from,22
113,where did you live before here,where_are_you_from,22
114,from whence do you hail,where_are_you_from,22
115,what date should i get my tires changed,tire_change,23
116,how long until i should have my tires replaced,tire_change,23
117,when do my tires need some changing,tire_change,23
118,do i need to change any of my tires,tire_change,23
119,would you tell me when i should replace my tires next if i last replaced them on june 2,tire_change,23
120,when should i pay my bill by,bill_due,24
121,when's the next time i have to pay the insurance,bill_due,24
122,when does the car payment come due,bill_due,24
123,what day is the z bill due,bill_due,24
124,i need the new due date for my pgw gas bill,bill_due,24
125,"wake up, ai",greeting,25
126,"hello, friend",greeting,25
127,how's it going with you,greeting,25
128,how is your day,greeting,25
129,hey how's it hanging,greeting,25
130,help me calculate my federal tax bill,taxes,26
131,what is the tax amount,taxes,26
132,what are my state taxes looking like,taxes,26
133,how much do i owe for state taxes,taxes,26
134,can you tell me my income tax,taxes,26
135,i'm having trouble finding my luggage i was on delta flight ab123 out of new york,lost_luggage,27
136,i need to find my luggage,lost_luggage,27
137,do you know whom i should contact since my luggage did not arrive,lost_luggage,27
138,who do i go to to find lost luggage,lost_luggage,27
139,can you tell me what to do as i am in the airport and have been for some time and there is still no sign of my suitcase,lost_luggage,27
140,do a british male accent only,change_accent,28
141,switch over to the male voice mode,change_accent,28
142,please set to female voice,change_accent,28
143,speak in a different accent,change_accent,28
144,i want to change what accent you use,change_accent,28
145,what do i have left to do on my to-do list,todo_list,29
146,can you tell me the tasks on my to-do list,todo_list,29
147,i wonder what my to-do list looks like for today,todo_list,29
148,can you look to see whether feeding the fish is on my to do list,todo_list,29
149,what items do i need to do,todo_list,29
150,look up the date of my last oil change,last_maintenance,30
151,do you remember when i last changed my oil,last_maintenance,30
152,please tell me the last time i took my car to the shop,last_maintenance,30
153,what was the last time i had my car at the dealer for repairs,last_maintenance,30
154,how long's it been since i had my car serviced,last_maintenance,30
155,place a call to bill now,make_call,31
156,call mymother,make_call,31
157,can you call a taxi,make_call,31
158,call someone,make_call,31
159,dial steven,make_call,31
160,can i use any fuel in my car,gas_type,32
161,tell me the fuel my car takes,gas_type,32
162,what kind of gas does my car use,gas_type,32
163,is there a certain type of gas i need to use for this car,gas_type,32
164,i wish to know the gas i need to fill this car up with,gas_type,32
165,scrap that dinner reservation,cancel_reservation,33
166,go ahead and cancel the reservation i made for 6:00 pm at parc,cancel_reservation,33
167,please cancel my reservation,cancel_reservation,33
168,please cancel the table for two at burger king,cancel_reservation,33
169,you can cancel my reservation,cancel_reservation,33
170,i'm having trouble scheduling a meeting,schedule_meeting,34
171,i'm going to need a meeting room on 9am on tuesday,schedule_meeting,34
172,i want you to schedule a meeting with carrie and lisa,schedule_meeting,34
173,"can you schedule a meeting with steve at the office, please",schedule_meeting,34
174,what is your availability for conference rooms between one and two today,schedule_meeting,34
175,who has seen my cellphone,find_phone,35
176,please help me find my cellphone,find_phone,35
177,i don't know where i put my phone,find_phone,35
178,i need help figuring out where my phone is,find_phone,35
179,please help me find my phone,find_phone,35
180,where do i go to get new insurance,insurance_change,36
181,what rental insurance policy do you recommend,insurance_change,36
182,i would like you to help me get on another united healthcare insurance plan,insurance_change,36
183,how to create a new aaa insurance plan,insurance_change,36
184,i am interested in acquiring new insurance,insurance_change,36
185,what are the best ways to build my credit score,improve_credit_score,37
186,give me a recommendation to improve my credit score,improve_credit_score,37
187,would being late hurt my credit,improve_credit_score,37
188,how to keep credit score high,improve_credit_score,37
189,is it true a hard pull hurts my credit score,improve_credit_score,37
190,where should i travel if i want to go to a nice beach,travel_suggestion,38
191,what are some things i can do in portland,travel_suggestion,38
192,where should i travel to next,travel_suggestion,38
193,where should i spend my time off,travel_suggestion,38
194,are there any interesting activities to do in austin,travel_suggestion,38
195,i want to roll a dice,roll_dice,39
196,i need a 10 sided die rolled,roll_dice,39
197,"roll die, 6 sided",roll_dice,39
198,can you roll dice,roll_dice,39
199,roll a pair of eight sided dice,roll_dice,39
200,i didn't hear say it again please,repeat,40
201,"i didn't hear what you just said, can you repeat it",repeat,40
202,repeat the question,repeat,40
203,"sorry, i didn't hear you, can you say that gain",repeat,40
204,i did not understand say it again,repeat,40
205,i need for you to play my maroon 5 playlist,play_music,41
206,"put my music on, please",play_music,41
207,start up some music,play_music,41
208,"that baby shark, doo doo, song, i want to hear it",play_music,41
209,resume my death metal playlist,play_music,41
210,are you a real person or an ai,are_you_a_bot,42
211,are you human or a bot,are_you_a_bot,42
212,are you an automated assistance,are_you_a_bot,42
213,"are you ai, or a person",are_you_a_bot,42
214,tell me if you are a real person or an ai,are_you_a_bot,42
215,connect to my phone for me,sync_device,43
216,you can unsync from my phone now,sync_device,43
217,please connect with my smart phone,sync_device,43
218,pair with my smart phone,sync_device,43
219,get connected to my phone,sync_device,43
220,on the 26th what is on the table for my calendar,calendar,44
221,i want my schedule for march 2,calendar,44
222,what do i have scheduled for february 28th,calendar,44
223,read me my schedule for march 2,calendar,44
224,"the 21st, what is on my calendar",calendar,44
225,what are the health benefits i have,insurance,45
226,what's my current health care plan,insurance,45
227,what are my insurance perks,insurance,45
228,"what type of insurance plan am i enrolled in, please",insurance,45
229,do you know the health plan i'm on,insurance,45
230,i am going to germany soon do i need a visa,international_visa,46
231,do i need a visa to travel to mexico,international_visa,46
232,i want to see paris will i need an international visa,international_visa,46
233,do i need to get a visa for russia,international_visa,46
234,i'm going to jamaica next week; am i needing a visa,international_visa,46
235,i want my bank account frozen,freeze_account,47
236,dont allow any action on my account,freeze_account,47
237,i need a block put on my chase account right away,freeze_account,47
238,i need a stop placed on my bank account please,freeze_account,47
239,"i need you to place a stop on my bank account, thank you",freeze_account,47
240,does my shopping list include corn,shopping_list,48
241,tell me what i put on the shopping list,shopping_list,48
242,tell me what i can find on the shopping list,shopping_list,48
243,what do i need to go shopping for,shopping_list,48
244,what did i write down on my shopping list this time,shopping_list,48
245,at what point should the oil be changed again,oil_change_when,49
246,when do i need my oil changed,oil_change_when,49
247,how long before i neet to get my oil changed,oil_change_when,49
248,when do i need you change my oil,oil_change_when,49
249,when do you think i should change my oil,oil_change_when,49
250,how do i share my location with noel,share_location,50
251,tell base camp my gps coordinates,share_location,50
252,give the boys my location please,share_location,50
253,trey needs my current location,share_location,50
254,share my location with my sister,share_location,50
255,what kind of questions can i ask you,what_can_i_ask_you,51
256,what kind of things can you answer,what_can_i_ask_you,51
257,what all can you do,what_can_i_ask_you,51
258,how can i use you,what_can_i_ask_you,51
259,what kinds of questions can i ask you,what_can_i_ask_you,51
260,do i need a socket converter if i'm going to be in russia,plug_type,52
261,will my plugs work in barcelona,plug_type,52
262,do i need a socket converter if i'm going to be in eithiopia,plug_type,52
263,should i bring my socket converter while traveling to england,plug_type,52
264,what kind of outlets do they use in z,plug_type,52
265,tell me if i need any more vaccines if i go there,vaccines,53
266,tell me what vaccinations i need to get into france,vaccines,53
267,are there recommendations to get any specific shots before i travel to germany,vaccines,53
268,are there shots required before going to south africa,vaccines,53
269,is there a list of recommended shots to get before travelling to kenya,vaccines,53
270,what day is my next payday,payday,54
271,tell me when i received my last paycheck,payday,54
272,tell me when my next paycheck is set to arrive,payday,54
273,i need to know when i was paid last,payday,54
274,what day do i get paid next,payday,54
275,what is the status of my new credit card application,application_status,55
276,can you check if my application for a discovery card has been looked over yet,application_status,55
277,how will i know when my application for a credit card has been processed,application_status,55
278,tell me about my american express application; did it go through,application_status,55
279,tell me straight if it has been processed or not,application_status,55
280,what's the time period till our next day off,next_holiday,56
281,when will the day off be,next_holiday,56
282,i need to know when the next holiday will be,next_holiday,56
283,how many days until my next day off,next_holiday,56
284,when is the next day off,next_holiday,56
285,tell me something that'll make me laugh,tell_joke,57
286,show me something funny about food,tell_joke,57
287,tell me something funny about cats,tell_joke,57
288,what are some funny jokes,tell_joke,57
289,let me know something funny,tell_joke,57
290,can i use olive oil instead of butter,ingredient_substitution,58
291,is it ok to use brown sugar instead of powdered sugar,ingredient_substitution,58
292,are you able to sub white sugar for brown sugar,ingredient_substitution,58
293,can i swap sugar for salt,ingredient_substitution,58
294,would it be possible to replace the salt with baking soda,ingredient_substitution,58
295,can you change the date of the doctor's appointment event in my calendar from april 1 to april 3rd,calendar_update,59
296,go ahead and delete the doctor appointment i have scheduled for monday,calendar_update,59
297,add farm trip to my calendar for friday,calendar_update,59
298,delete my golf tournament event from tomrrow,calendar_update,59
299,add meeting with carla to my schedule for july 4,calendar_update,59
300,how many years do you have,how_old_are_you,60
301,you are how old,how_old_are_you,60
302,how long have you been around,how_old_are_you,60
303,how old are you again,how_old_are_you,60
304,when was your birth,how_old_are_you,60
305,assist me to know how to get to target by bus,directions,61
306,is there a tire repair place near the post office,directions,61
307,how would i get to city hall via bus,directions,61
308,i need to know directions to the nearest gas station,directions,61
309,what's the quickest way to a bank,directions,61
310,"is ""rescind"" a word of positive connotation",definition,62
311,what does tertiary mean,definition,62
312,can you tell me the definition of sucrose,definition,62
313,what is the definition of flange,definition,62
314,what is break a leg mean,definition,62
315,i want help rolling over my 401k,rollover_401k,63
316,i need help to roll over my 401k,rollover_401k,63
317,i just changed jobs and need help with my 401k rollover,rollover_401k,63
318,can you assist me rolling over a 401k for a new job,rollover_401k,63
319,what's up with my 401k and will it roll over,rollover_401k,63
320,how is my vacation request looking,pto_request_status,64
321,is walmart going to let me take the vacation time i asked for,pto_request_status,64
322,check on the status of my vacation request please,pto_request_status,64
323,i'm i okayed for vacation time,pto_request_status,64
324,have they authorized my vacation,pto_request_status,64
325,i wanna confirm my reservation for 2/20 at 8 pm,confirm_reservation,65
326,i'd like to confirm that i have a reservation at red robin for josh,confirm_reservation,65
327,will you check there is a reservation for laura at black pearl,confirm_reservation,65
328,does taco house have a reservation for jean,confirm_reservation,65
329,can you check that i have a reservation on february 28th for 3 in the afternoon,confirm_reservation,65
330,can you tell me the expiration date for my mastercard,expiration_date,66
331,please let me know when i need to renew my credit card,expiration_date,66
332,during what month will my card's expiration date fall on,expiration_date,66
333,how long is it until my credit card expires,expiration_date,66
334,when is my credit card going to expire,expiration_date,66
335,i want the calorie content for a banana,calories,67
336,how many calories are in vanilla ice cream,calories,67
337,are there a lot of calories in muffins,calories,67
338,how many calories are in a honey bun,calories,67
339,what's the expected calorie load of a peanut butter and jelly sandwich,calories,67
340,set an alarm for nine minutes from now,timer,68
341,i want a 10 minute timer,timer,68
342,set a ten second timer,timer,68
343,can you set a two hour timer,timer,68
344,set a timer for 35 minutes,timer,68
345,take $40 and transfer it to account a from b,transfer,69
346,can we wire some money over to the other account i have,transfer,69
347,i need ten dollars sent from b of a to washington mutual,transfer,69
348,take $40 from account a and transfer it to account b,transfer,69
349,transfer 100 dollars between checking and savings,transfer,69
350,could you make a flight reservation with air emirates from orlando to london,book_flight,70
351,get me a flight for tuesday on spiritcom to las vegas from chicago,book_flight,70
352,i need you to get me a flight booked from houston to miami on united airlines,book_flight,70
353,what's the cheapest fares from lax to sfo for round trip flights leaving april 1st and returning april 7th,book_flight,70
354,could you check and let me know roundtrip flights from dallas to houston for march 7 and march 20,book_flight,70
355,"i want to change your name, please",change_ai_name,71
356,i think bradley is a better name for you,change_ai_name,71
357,from now on i'm going to call you ishmael,change_ai_name,71
358,i will call you zander,change_ai_name,71
359,i'm going to start calling you alice,change_ai_name,71
360,this credit card's apr is what,apr,72
361,can you tell me the apr on my visa card,apr,72
362,review of my card apr,apr,72
363,what is the apr for the credit card,apr,72
364,it would be great if you could tell me my credit card's apr,apr,72
365,please find out if napolis takes lunch reservations,accept_reservations,73
366,does bar tartine in san francisco take reservations,accept_reservations,73
367,does buffalo wild wings take reservations,accept_reservations,73
368,does burger king accept reservations,accept_reservations,73
369,does gramercy tavern in new york accept reservations,accept_reservations,73
370,how does 10 pounds convert to euros,exchange_rate,74
371,i wanna know five dollars in yen and rubles,exchange_rate,74
372,tell me the exchange rate of dollars to yen,exchange_rate,74
373,what is the maximum dollars i can get for 6 yens,exchange_rate,74
374,what is the current going rate for exchanging dollars for pesos,exchange_rate,74
375,pay my mortgage from my checkings accounts,pay_bill,75
376,"my water bill is due, pay it immediately",pay_bill,75
377,i want to pay my insurance bill,pay_bill,75
378,i need help paying my hoa bill,pay_bill,75
379,i would like to pay my cell phone bill,pay_bill,75
380,how is it outside,weather,76
381,what's it doing outside right now,weather,76
382,what is the temperature in costa mesa,weather,76
383,give me the 7 day forecast,weather,76
384,"is it snowing right now in richmond, va",weather,76
385,can i have my current gps coordinates,current_location,77
386,please give me my gps coordinates,current_location,77
387,how can i go about finding my location right now,current_location,77
388,check maps for my location,current_location,77
389,please locate me on the map and show me,current_location,77
390,"please cancel what you are doing, i've changed my mind",cancel,78
391,"ai, shut up",cancel,78
392,oops cancel that,cancel,78
393,ai stop talking,cancel,78
394,actually forget that i don't need it,cancel,78
395,what are the reviews like for mission chinese,restaurant_reviews,79
396,is the sushi well-received at yakamoto,restaurant_reviews,79
397,are there any negative reviews for wendy's,restaurant_reviews,79
398,how are the reviews for spaghetti at the olive garden,restaurant_reviews,79
399,tell me how good ihop's ratings are,restaurant_reviews,79
400,i really cannot remember what my pin is for my bank of america checking account,pin_change,80
401,i must change my pin number for my account,pin_change,80
402,please change my checking account pin to 1234,pin_change,80
403,i need to change my pin number for my checking account,pin_change,80
404,"how do i update my pin number for my account, please",pin_change,80
405,what reason could the bank have had for blocking my account,account_blocked,81
406,why cannot i take any money out from my bank account,account_blocked,81
407,"my account has a hold on it and i can't access my funds, why",account_blocked,81
408,why don't i have access to my bank account,account_blocked,81
409,"my account is blocked, help me figure out why",account_blocked,81
410,do you have any hobbies,what_are_your_hobbies,82
411,what do you do when you're not working,what_are_your_hobbies,82
412,what do you do to occupy your free time,what_are_your_hobbies,82
413,what hobbies do you do,what_are_your_hobbies,82
414,what things do you do for fun,what_are_your_hobbies,82
415,give me instructions to change my oil,oil_change_how,83
416,"can you assist with an oil change, and what type of oil do i get",oil_change_how,83
417,what do i need to change my oil,oil_change_how,83
418,i intend to learn how to change oil in my car,oil_change_how,83
419,i want to learn the process of changing oil,oil_change_how,83
420,i need a reminder to remind me to do something,reminder_update,84
421,remind me to take out the trash,reminder_update,84
422,set a reminder to go check the mail,reminder_update,84
423,how about a reminder,reminder_update,84
424,make me a reminder that tommorow is trash day,reminder_update,84
425,is there a car rental available from tuesday to thursday out of lax,car_rental,85
426,"i want to rent the cheapest car for charlottesville, virginia for march 7th through 10th, that's monday, tuesday, wednesday and thursday",car_rental,85
427,help me to book a car rental in sacremento,car_rental,85
428,will car rentals be available in boston from march 2 to march 4,car_rental,85
429,i need to find a rental car since i'm travelling to new york tomorrow,car_rental,85
430,i need to know how many vacation days i have,pto_balance,86
431,provide me the number of vacation days i have,pto_balance,86
432,how many days of vacation do i have,pto_balance,86
433,i've saved what number of days of vacation,pto_balance,86
434,i want to know how many vacation days i have,pto_balance,86
435,how do they say hello in france,translate,87
436,how do they say hello in brazil,translate,87
437,how do germans say goodnight,translate,87
438,can you translate bowl into russian for me,translate,87
439,how do you say hello in french,translate,87
440,what name do you have listed for me,user_name,88
441,what is my first name saved as,user_name,88
442,i want you to let me know what names you have for me,user_name,88
443,so what is my current name saved as,user_name,88
444,could you let me know what names you have for me,user_name,88
445,can you tell me how busy outback steakhouse will be at 7:30 pm,how_busy,89
446,how long will i wait for a table at red lobster,how_busy,89
447,can you check to see how busy that restaurant is for dinner,how_busy,89
448,is that restaurant crowded during dinner,how_busy,89
449,how long can i expect to wait for a restaurant table,how_busy,89
450,yes i am,yes,90
451,"yes, that is right",yes,90
452,yes that's correct,yes,90
453,"yep, that's right",yes,90
454,yeap,yes,90
455,my new card will get here in the mail when,replacement_card_duration,91
456,how many days before my credit card arrives,replacement_card_duration,91
457,tell me about today weather,replacement_card_duration,91
458,my credit card got stolen and i need to know how long it will be before a new on arrives,replacement_card_duration,91
459,how many days does it take to receive a new card,replacement_card_duration,91
460,i'd like to know what to call you,what_is_your_name,92
461,what is the ai's name,what_is_your_name,92
462,do you go by any nicknames,what_is_your_name,92
463,do you have a name i should call you by,what_is_your_name,92
464,what name should i refer to you as,what_is_your_name,92
465,what do i have left in the gas tank,gas,93
466,is the level of fuel in my car enough to get me to work,gas,93
467,do i have enough fuel in the gas tank,gas,93
468,can my car get to dallas with the gas currently in my tank,gas,93
469,is there enough fuel to drive to tampa,gas,93
470,tell me my car's tires' air pressure,tire_pressure,94
471,i am needing to know how low the air in my tires are,tire_pressure,94
472,what's the current psi for my tires,tire_pressure,94
473,what's my tires current air pressure,tire_pressure,94
474,what is my car's tire pressure,tire_pressure,94
475,appreciate the help,thank_you,95
476,thanks again!,thank_you,95
477,i appreciate what you did,thank_you,95
478,"good answer, thanks for providing it",thank_you,95
479,thanks please,thank_you,95
480,i need help making a pto request for march 3-10,pto_request,96
481,can you put in a pto request for march 7th to the 9th,pto_request,96
482,may i take a pto on february 7 and 8,pto_request,96
483,i want to put in a request for pto from may 5 to may 12,pto_request,96
484,can you put in a pto request for the 5th of june to june 8th,pto_request,96
485,how tasty is the pizza here,meal_suggestion,97
486,suggest a meal from korea to me,meal_suggestion,97
487,i want you to give me a suggestion for what to make for dinner,meal_suggestion,97
488,go ahead and give me a suggestion for what to make for dinner,meal_suggestion,97
489,what peruvian dish should i make,meal_suggestion,97
490,do you know any fun facts about the ocean,fun_fact,98
491,please tell me an interesting tidbit about the roman empire,fun_fact,98
492,say a fun fact about mt everest,fun_fact,98
493,tell me something neat about the ocean floor,fun_fact,98
494,what is a fun fact about mt everest,fun_fact,98
495,tell me the nutrition for grapes,nutrition_info,99
496,can you read to me the nutritional info for macaroni and cheese,nutrition_info,99
497,what's the nutritional info for spaghetti,nutrition_info,99
498,share the nutrition info for brownies with me,nutrition_info,99
499,share the nutrition info for pizza with me,nutrition_info,99
500,how come starbucks declined my card when i tried to use it to pay,card_declined,100
501,explain why was my card declined at boston market,card_declined,100
502,my card didn't go through when i was buying a case of water at walmart,card_declined,100
503,i was buying qtips today at walmart and my card got declined,card_declined,100
504,tell me why my card didn't work yesterday,card_declined,100
505,the ingredients in pizza are which ones,ingredients_list,101
506,what ingredients are in salsa,ingredients_list,101
507,do you have a list of ingredients that i'll need for blondies,ingredients_list,101
508,what do you need to make pancakes,ingredients_list,101
509,what ingredients are present in marshmallows,ingredients_list,101
510,how much time to reach doctors office,distance,102
511,how much time will pass between the start and end of our sojourn by bus to detroit,distance,102
512,how long will it take to get from galleria mall to state capitol,distance,102
513,how long will it take to get to long beach terminal from long beach airport,distance,102
514,how early should i leave to the airport in la,distance,102
515,hotel room for 5 in austin for 3/1 until 3/8,book_hotel,103
516,is it possible to book 10 people from monday to tuesday in manhattan,book_hotel,103
517,"march 20th through the 22nd, please book me a hotel room in manhattan big enough for 10 people",book_hotel,103
518,what hotel would you recommend in lakewood for 4 people from monday to wednesday,book_hotel,103
519,i want a hotel room for 6 from the 1st through the 3rd in seattle,book_hotel,103
520,is there travel alerts for greece,travel_alert,104
521,what are the latest travel alerts for dubai,travel_alert,104
522,tell me about any travel alerts issued for germany,travel_alert,104
523,"can you give me the travel alerts for jalisco, mexico",travel_alert,104
524,does ireland have any travel alerts i should be aware of,travel_alert,104
525,"my card split in half, can i report it",damaged_card,105
526,how report that scratched my card,damaged_card,105
527,my dog ate my credit card and ruined it,damaged_card,105
528,my card is too scratched up and i need to report it,damaged_card,105
529,call the card company and ask them to replace my card,damaged_card,105
530,heads or tails i choose tails,flip_coin,106
531,i require a coin flip,flip_coin,106
532,"flip that coin please, i choose heads",flip_coin,106
533,flip that coin please,flip_coin,106
534,i ned you to flip a coin,flip_coin,106
535,find an indian restaurant,restaurant_suggestion,107
536,its date night and we cant decide where to go help,restaurant_suggestion,107
537,can you recommend an indian restaurant,restaurant_suggestion,107
538,is there a good fish place in salem,restaurant_suggestion,107
539,"i'm not going to cook today, can you suggest a restaurant",restaurant_suggestion,107
540,find the minimum due on my peco energy bill for february,min_payment,108
541,please tell me the minimum i can pay on my electric bill,min_payment,108
542,what is the minimum i can pay for my light bill,min_payment,108
543,how tiny a payment can i make on electric bill,min_payment,108
544,what is the minimum i need to pay for my cell phone bill,min_payment,108
545,i want my checking balance at chase,balance,109
546,what's my bank balance,balance,109
547,what's the balance on my bank account,balance,109
548,what is in my bank accounts,balance,109
549,check chase bank for my checking balance,balance,109
550,how many inches are in 5 feet,measurement_conversion,110
551,what is 10 ounces in grams,measurement_conversion,110
552,what is 22 meters in inches,measurement_conversion,110
553,what is 15 ounces in grams,measurement_conversion,110
554,is there an easy way to change feet into inches,measurement_conversion,110
555,can you tell me what the form is employers are supposed to send you for taxes and where i get it,w2,111
556,who has the tax form that shows my wages,w2,111
557,i need to find my w2 so i can do taxes,w2,111
558,i would like to know how to find my w-2,w2,111
559,can you locate my w-2,w2,111
560,i am in need of an uber to the hospital,uber,112
561,i would like to get an uber to the movies,uber,112
562,"please book me an uber and enter destination penn station, new york",uber,112
563,get an uber to the airport,uber,112
564,i want to get an uber for one person to go to the library,uber,112
565,please make sure oranges are on my shopping list,shopping_list_update,113
566,delete soda from my shopping list and add water to it,shopping_list_update,113
567,remove fries from my shopping list,shopping_list_update,113
568,"please add milk on my shopping list, if it is not already on it",shopping_list_update,113
569,add bread to my list of groceries,shopping_list_update,113
570,i need to change my username,change_user_name,114
571,they call me john,change_user_name,114
572,i would like you to call me mary,change_user_name,114
573,i need to change my name to something else for you to call me,change_user_name,114
574,call me carrie,change_user_name,114
575,what is 10 to the 12th power,calculator,115
576,what is 10000 divided by 20,calculator,115
577,what is 60 percent off of 350 dollars,calculator,115
578,help me with math,calculator,115
579,what is 55 times 300,calculator,115
580,what is the tracking on my package,order_status,116
581,was my order dropped off,order_status,116
582,show me where my order is,order_status,116
583,is the packaged delivered already,order_status,116
584,can you see if my order was delivered,order_status,116
585,when does pork go bad in the fridge,food_last,117
586,i've had eggs in the fridge since monday are they safe eat,food_last,117
587,i need to know how long can i keep pizza in the freezer for before it goes bad,food_last,117
588,how long does it take for dough in the freezer to go off,food_last,117
589,how long will steaks last in the freezer,food_last,117
590,please go back to to factory settings now,reset_settings,118
591,please reconfigure yourself back to factory settings,reset_settings,118
592,reset to default settings,reset_settings,118
593,make the settings go back to the original,reset_settings,118
594,i want you to reset to brand new please,reset_settings,118
595,when is today's meeting with john,meeting_schedule,119
596,let me hear all meetings for today,meeting_schedule,119
597,what do i have going on between 9 and 10,meeting_schedule,119
598,please list my meetings for today,meeting_schedule,119
599,do i have any meetings scheduled between 3 and 5 pm today,meeting_schedule,119
600,what timezone is dallas in,timezone,120
601,for italy what timezone is it in,timezone,120
602,what is the time zone of france,timezone,120
603,do you know what the timezone is in reno,timezone,120
604,i wanna know what timezone spain is in,timezone,120
605,"i'd like to get some more checkbooks mailed to me, if i can",order_checks,121
606,i need to order new checks,order_checks,121
607,i'd love to order some more checks for my checking account,order_checks,121
608,is it possible to get more checkbooks for my wells fargo checkings,order_checks,121
609,can i get new checks to replace the ones we ran out of,order_checks,121
610,what was the total i spent at home depot last month,spending_history,122
611,how much have i paid in medical expenses recently,spending_history,122
612,did i go out to eat more than usual,spending_history,122
613,how much did i spend on christmas gifts in december,spending_history,122
614,could you tell me how much money i spent last week,spending_history,122
615,i'm afraid there is a false transaction on my account,report_fraud,123
616,how do i let visa know about a charge i didn't make,report_fraud,123
617,there are some questionable charges on my card,report_fraud,123
618,i need to report a fraudulent transaction from postmates on my account,report_fraud,123
619,i have charges on my amex card i didn't make,report_fraud,123
620,closest auto parts store to find replace for dead car battery,jump_start,124
621,can you tell me how to jump a car,jump_start,124
622,how do i jump my car,jump_start,124
623,tell me how to jump start my own car battery,jump_start,124
624,what is the procedure to jump start a car,jump_start,124
625,"no, don't do that",no,125
626,that is not correct,no,125
627,"no, that can't be right",no,125
628,what you just said is wrong,no,125
629,that's a negative,no,125
630,you were built by who,who_made_you,126
631,what's your design company,who_made_you,126
632,tell me what company programmed you,who_made_you,126
633,what company owns your code,who_made_you,126
634,who made the ai,who_made_you,126
635,what is my credit card interest rate,interest_rate,127
636,how can i figure out my interest rate for my umpqua account,interest_rate,127
637,what is the interest rate i am receiving from the start of the year,interest_rate,127
638,what is the best interest rate i can get from now on,interest_rate,127
639,can you tell me my current interest rate,interest_rate,127
640,i think my card is stolen and needs to be reported,report_lost_card,128
641,"i'd like to report my card as stolen, please",report_lost_card,128
642,someone stole my mastercade,report_lost_card,128
643,"oh no, report my card, it's stolen",report_lost_card,128
644,i need to report a lost card,report_lost_card,128
645,is there any transaction fees on my citibank card if used in spain,international_fees,129
646,does my bank of america card have international transaction fees,international_fees,129
647,"what, if any, are the charges for using my card in mexico",international_fees,129
648,do you charge me if i use my card in japan,international_fees,129
649,are there international transaction fees for using my chase card,international_fees,129
650,i need more information about my income,income,130
651,give me the details on my income,income,130
652,what's my income been for the last 6 months,income,130
653,what is the total amount of my paychecks over the last year,income,130
654,tell me how much money i'm earning at my job,income,130
655,can you please repeat my list back to me,reminder,131
656,tell me what is on my reminder list,reminder,131
657,will you repeat my reminder list,reminder,131
658,let me know what's on my list of reminders,reminder,131
659,read my reminders to me,reminder,131
660,can you speed up your speech please,change_speed,132
661,slow the speech down,change_speed,132
662,speak at a slower rate,change_speed,132
663,whoa whoa please slow down,change_speed,132
664,speak slower,change_speed,132
665,i'd like to redeem my credit card points,redeem_rewards,133
666,i have a lot of points saved up from my credit card rewards but don't know how to redeem them,redeem_rewards,133
667,"if i want to cash in my american express rewards, how do i do that",redeem_rewards,133
668,how do i get cash back for the rewards on my amex card,redeem_rewards,133
669,help me figure out redemption of my credit card points,redeem_rewards,133
670,talk to me in italian from now on,change_language,134
671,answer me in french,change_language,134
672,"i would like to have language set to spanish, please",change_language,134
673,can you speak to me in french,change_language,134
674,can you change your language to japanese,change_language,134
675,what were my purchases on visa card last month,transactions,135
676,can you check on a transaction for me,transactions,135
677,help me get access to my recent transaction history,transactions,135
678,what did i spend at target on my barclays card last month,transactions,135
679,what was my last transaction,transactions,135
680,make an appointment to check my tires,schedule_maintenance,136
681,my car needs maintenance scheduled,schedule_maintenance,136
682,i want to schedule a tire check up somewhere,schedule_maintenance,136
683,i'd like to get an appointment to get my oil changed,schedule_maintenance,136
684,i need help cause my check engine light came on,schedule_maintenance,136
685,please tell me what date it is today,date,137
686,today's date is what,date,137
687,tell me what date it is please,date,137
688,i would like to know tomorrow's date,date,137
689,i'd like to know the date tomorrow,date,137
690,tell me my usage of vacation days,pto_used,138
691,how many times did i take a day off,pto_used,138
692,how much paid time off have i used,pto_used,138
693,"up to this point, how much of my pto have i used",pto_used,138
694,how many of my sick days have i gone through,pto_used,138
695,how do you spell tomato,spelling,139
696,how do you spell antipathy,spelling,139
697,can you tell me how to spell manipulation,spelling,139
698,how do you spell verisimilitude,spelling,139
699,how do you spell mississippi,spelling,139
700,can you tell me life's meaning,meaning_of_life,140
701,why do you think we're here,meaning_of_life,140
702,what is the meaning of this life,meaning_of_life,140
703,whats the meaning of life,meaning_of_life,140
704,what makes life have any meaning,meaning_of_life,140
705,what time is my flight scheduled to leave,flight_status,141
706,give me the status of flight dl123,flight_status,141
707,when's my flight getting here,flight_status,141
708,can you tell me the status of my delta flight,flight_status,141
709,so when is my flight landing,flight_status,141
710,please let me know the credit limit on my citibank card,credit_limit,142
711,look up the credit limit for my visa,credit_limit,142
712,how high is my credit limit for my navy federal card,credit_limit,142
713,how high is my credit limit for my childrens place card,credit_limit,142
714,how much is my credit limit,credit_limit,142
715,i dunno,maybe,143
716,really dont know,maybe,143
717,possibly,maybe,143
718,either or should work,maybe,143
719,"no idea, sorry",maybe,143
720,i need an alarm for 6am,alarm,144
721,i need an alarm set,alarm,144
722,please set up an alarm to go off tomorrow at daybreak,alarm,144
723,put in an alarm for 5pm,alarm,144
724,i need an alarm set for 9 am and another for 11 am,alarm,144
725,show me my credit score please,credit_score,145
726,can i see my credit score,credit_score,145
727,is my credit score high,credit_score,145
728,clue me in on my credit score,credit_score,145
729,what's my credit score,credit_score,145
730,"see you later, alligator",goodbye,146
731,tootles,goodbye,146
732,it was enjoyable to chat with you,goodbye,146
733,it was pleasant having a conversation with you,goodbye,146
734,have a good one,goodbye,146
735,"what time is it in houston, tx",time,147
736,what time is it right now in paris,time,147
737,can you tell me the time,time,147
738,what is the time right now in the peruvian time zone,time,147
739,what is the exact time,time,147
740,"i'm out of cat food, order more",order,148
741,can you buy something from walmartcom for me,order,148
742,i want everything on my shopping list ordered,order,148
743,ran out of tissues and need you to put an order in for more asap,order,148
744,take my shopping list and order all,order,148
745,please see if you can increase my credit limit to one thousand dollars,credit_limit_change,149
746,can you increase how much i can spend on my visa,credit_limit_change,149
747,is there a way to increase the limit on my visa card,credit_limit_change,149
748,can i increase the credit limit on my kohls card,credit_limit_change,149
749,can i increase the credit limit for my bank of america card,credit_limit_change,149
